,0
0,-27.0
1,69.0
2,-66.0
3,-41.0
4,-18.0
5,-67.0
6,24.0
7,-53.0
8,-54.0
9,-77.0
10,-7.0
11,16.0
12,32.0
13,16.0
14,15.0
15,34.0
16,-59.0
17,66.0
18,27.0
19,46.0
20,103.0
21,32.0
22,-35.0
23,-2.0
24,5.0
25,70.0
26,0.0
27,84.0
28,21.0
29,43.0
30,-134.0
31,99.0
32,94.0
33,-2.0
34,-66.0
35,13.0
36,-45.0
37,24.0
38,94.0
39,33.0
40,-63.0
41,-41.0
42,-68.0
43,-91.0
44,61.0
45,-6.0
46,35.0
47,-21.0
48,-85.0
49,26.0
50,35.0
51,0.0
52,1.0
53,71.0
54,36.0
55,-10.0
56,17.0
57,40.0
58,1.0
59,-17.0
60,0.0
61,75.0
62,-5.0
63,9.0
64,32.0
65,4.0
66,94.0
67,72.0
68,81.0
69,-90.0
70,17.0
71,31.0
72,74.0
73,-63.0
74,-32.0
75,-49.0
76,-30.0
77,77.0
78,-53.0
79,15.0
80,-13.0
81,2.0
82,29.0
83,-12.0
84,35.0
85,-27.0
86,-12.0
87,-7.0
88,21.0
89,-93.0
90,24.0
91,-9.0
92,23.0
93,9.0
94,-16.0
95,-33.0
96,-55.0
97,71.0
98,76.0
99,-78.0
100,-37.0
101,65.0
102,-4.0
103,-36.0
104,-11.0
105,12.0
106,51.0
107,82.0
108,85.0
109,51.0
110,74.0
111,41.0
112,28.0
113,124.0
114,14.0
115,123.0
116,87.0
117,57.0
118,57.0
119,-23.0
120,76.0
121,-26.0
122,113.0
123,-54.0
124,-32.0
125,0.0
126,10.0
127,93.0
128,33.0
129,74.0
130,34.0
131,9.0
132,95.0
133,93.0
134,-7.0
135,116.0
136,-32.0
137,35.0
138,13.0
139,93.0
140,-59.0
141,58.0
142,32.0
143,-9.0
144,47.0
145,-4.0
146,40.0
147,52.0
148,-30.0
149,-3.0
150,29.0
151,54.0
152,41.0
153,104.0
154,89.0
155,-58.0
156,1.0
157,22.0
158,57.0
159,55.0
160,19.0
161,-31.0
162,70.0
163,101.0
164,7.0
165,-85.0
166,66.0
167,72.0
168,-32.0
169,5.0
170,63.0
171,70.0
172,-44.0
173,53.0
174,-34.0
175,91.0
176,-48.0
177,46.0
178,-8.0
179,54.0
180,102.0
181,138.0
182,32.0
183,53.0
184,-34.0
185,-51.0
186,-36.0
187,21.0
188,-25.0
189,47.0
190,45.0
191,-6.0
192,36.0
193,12.0
194,-55.0
195,4.0
196,9.0
197,-17.0
198,-69.0
199,72.0
200,36.0
201,0.0
202,-38.0
203,-28.0
204,13.0
205,12.0
206,7.0
207,53.0
208,51.0
209,124.0
210,-45.0
211,8.0
212,65.0
213,23.0
214,34.0
215,-40.0
216,88.0
217,74.0
218,59.0
219,-33.0
220,-46.0
221,-9.0
222,13.0
223,-4.0
224,111.0
225,34.0
226,60.0
227,71.0
228,60.0
229,-36.0
230,118.0
231,55.0
232,39.0
233,22.0
234,16.0
235,65.0
236,-2.0
237,47.0
238,90.0
239,6.0
240,44.0
241,14.0
242,8.0
243,94.0
244,-44.0
245,54.0
246,-2.0
247,77.0
248,34.0
249,41.0
250,29.0
251,113.0
252,6.0
253,-30.0
254,83.0
255,31.0
256,62.0
257,-7.0
258,-83.0
259,79.0
260,97.0
261,140.0
262,17.0
263,69.0
264,-28.0
265,97.0
266,63.0
267,153.0
268,-6.0
269,122.0
270,54.0
271,-14.0
272,63.0
273,-9.0
274,-36.0
275,-9.0
276,-5.0
277,62.0
278,-41.0
279,39.0
280,63.0
281,57.0
282,48.0
283,3.0
284,33.0
285,-43.0
286,121.0
287,42.0
288,76.0
289,-1.0
290,49.0
291,83.0
292,31.0
293,70.0
294,64.0
295,72.0
296,46.0
297,11.0
298,42.0
299,20.0
300,84.0
301,38.0
302,-18.0
303,41.0
304,39.0
305,114.0
306,100.0
307,77.0
308,-23.0
309,34.0
310,-32.0
311,79.0
312,80.0
313,-55.0
314,108.0
315,30.0
316,80.0
317,102.0
318,74.0
319,46.0
320,-63.0
321,71.0
322,34.0
323,57.0
324,-16.0
325,50.0
326,79.0
327,-11.0
328,-15.0
329,74.0
330,78.0
331,43.0
332,67.0
333,41.0
334,0.0
335,147.0
336,83.0
337,-2.0
338,28.0
339,13.0
340,73.0
341,35.0
342,25.0
343,44.0
344,59.0
345,-9.0
346,75.0
347,-5.0
348,64.0
349,84.0
350,66.0
351,20.0
352,53.0
353,30.0
354,87.0
355,29.0
356,-8.0
357,42.0
358,-8.0
359,78.0
360,-18.0
361,52.0
362,-71.0
363,-9.0
364,35.0
365,142.0
366,149.0
367,95.0
368,82.0
369,67.0
370,12.0
371,128.0
372,39.0
373,77.0
374,79.0
375,46.0
376,67.0
377,13.0
378,-12.0
379,-38.0
380,137.0
381,89.0
382,71.0
383,-29.0
384,39.0
385,109.0
386,64.0
387,62.0
388,97.0
389,95.0
390,74.0
391,-21.0
392,19.0
393,57.0
394,-44.0
395,27.0
396,87.0
397,113.0
398,114.0
399,68.0
400,56.0
401,-61.0
402,43.0
403,49.0
404,107.0
405,50.0
406,69.0
407,169.0
408,-57.0
409,-2.0
410,91.0
411,45.0
412,103.0
413,74.0
414,68.0
415,70.0
416,57.0
417,-4.0
418,-1.0
419,83.0
420,-13.0
421,59.0
422,40.0
423,38.0
424,15.0
425,-2.0
426,92.0
427,85.0
428,-75.0
429,121.0
430,-58.0
431,-26.0
432,-4.0
433,73.0
434,157.0
435,151.0
436,23.0
437,95.0
438,-54.0
439,24.0
440,34.0
441,84.0
442,21.0
443,81.0
444,116.0
445,-16.0
446,-5.0
447,66.0
448,-5.0
449,32.0
450,34.0
451,51.0
452,41.0
453,-64.0
454,42.0
455,133.0
456,18.0
457,66.0
458,2.0
459,83.0
460,20.0
461,37.0
462,8.0
463,54.0
464,63.0
465,101.0
466,99.0
467,73.0
468,51.0
469,6.0
470,84.0
471,19.0
472,61.0
473,65.0
474,95.0
475,81.0
476,7.0
477,-55.0
478,27.0
479,42.0
480,64.0
481,20.0
482,33.0
483,47.0
484,50.0
485,76.0
486,78.0
487,25.0
488,-8.0
489,43.0
490,57.0
491,43.0
492,54.0
493,61.0
494,26.0
495,12.0
496,-126.0
497,59.0
498,83.0
499,113.0
500,101.0
501,-17.0
502,50.0
503,56.0
504,45.0
505,52.0
506,44.0
507,111.0
508,8.0
509,57.0
510,67.0
511,-44.0
512,-24.0
513,97.0
514,160.0
515,57.0
516,152.0
517,75.0
518,116.0
519,-6.0
520,144.0
521,160.0
522,33.0
523,74.0
524,54.0
525,74.0
526,48.0
527,46.0
528,48.0
529,57.0
530,25.0
531,74.0
532,12.0
533,58.0
534,45.0
535,70.0
536,94.0
537,-59.0
538,-14.0
539,58.0
540,40.0
541,107.0
542,134.0
543,43.0
544,-29.0
545,163.0
546,-33.0
547,99.0
548,149.0
549,49.0
550,-12.0
551,69.0
552,134.0
553,83.0
554,54.0
555,100.0
556,25.0
557,41.0
558,9.0
559,89.0
560,8.0
561,75.0
562,108.0
563,80.0
564,-6.0
565,55.0
566,52.0
567,30.0
568,75.0
569,100.0
570,67.0
571,104.0
572,50.0
573,18.0
574,49.0
575,114.0
576,22.0
577,-18.0
578,112.0
579,-30.0
580,203.0
581,42.0
582,62.0
583,91.0
584,103.0
585,50.0
586,116.0
587,35.0
588,46.0
589,85.0
590,65.0
591,20.0
592,-30.0
593,117.0
594,140.0
595,32.0
596,-26.0
597,23.0
598,77.0
599,91.0
600,37.0
601,144.0
602,51.0
603,67.0
604,135.0
605,-16.0
606,77.0
607,75.0
608,68.0
609,165.0
610,127.0
611,106.0
612,38.0
613,153.0
614,133.0
615,74.0
616,40.0
617,61.0
618,-34.0
619,9.0
620,-4.0
621,54.0
622,147.0
623,63.0
624,66.0
625,105.0
626,109.0
627,87.0
628,113.0
629,68.0
630,125.0
631,52.0
632,175.0
633,59.0
634,62.0
635,43.0
636,64.0
637,144.0
638,128.0
639,-4.0
640,104.0
641,-86.0
642,103.0
643,-12.0
644,129.0
645,80.0
646,14.0
647,60.0
648,35.0
649,34.0
650,63.0
651,93.0
652,8.0
653,39.0
654,137.0
655,50.0
656,61.0
657,133.0
658,227.0
659,64.0
660,40.0
661,91.0
662,13.0
663,15.0
664,81.0
665,64.0
666,76.0
667,110.0
668,143.0
669,78.0
670,83.0
671,125.0
672,106.0
673,17.0
674,59.0
675,122.0
676,28.0
677,131.0
678,65.0
679,127.0
680,94.0
681,92.0
682,220.0
683,71.0
684,121.0
685,130.0
686,82.0
687,101.0
688,70.0
689,61.0
690,-2.0
691,52.0
692,144.0
693,235.0
694,97.0
695,94.0
696,114.0
697,63.0
698,75.0
699,135.0
700,79.0
701,30.0
702,68.0
703,93.0
704,48.0
705,126.0
706,136.0
707,58.0
708,100.0
709,106.0
710,96.0
711,175.0
712,108.0
713,16.0
714,-75.0
715,-24.0
716,62.0
717,61.0
718,37.0
719,128.0
720,129.0
721,107.0
722,111.0
723,-33.0
724,72.0
725,33.0
726,57.0
727,131.0
728,132.0
729,21.0
730,51.0
731,22.0
732,47.0
733,145.0
734,67.0
735,34.0
736,48.0
737,41.0
738,85.0
739,31.0
740,-11.0
741,56.0
742,120.0
743,18.0
744,92.0
745,74.0
746,32.0
747,-19.0
748,127.0
749,103.0
750,90.0
751,133.0
752,90.0
753,94.0
754,147.0
755,64.0
756,94.0
757,11.0
758,64.0
759,111.0
760,74.0
761,159.0
762,75.0
763,82.0
764,69.0
765,145.0
766,125.0
767,122.0
768,104.0
769,145.0
770,113.0
771,71.0
772,65.0
773,115.0
774,191.0
775,102.0
776,147.0
777,108.0
778,144.0
779,73.0
780,4.0
781,107.0
782,1.0
783,76.0
784,56.0
785,96.0
786,169.0
787,94.0
788,143.0
789,5.0
790,64.0
791,84.0
792,100.0
793,147.0
794,8.0
795,186.0
796,124.0
797,137.0
798,12.0
799,-56.0
800,171.0
801,160.0
802,136.0
803,96.0
804,92.0
805,167.0
806,33.0
807,76.0
808,132.0
809,52.0
810,189.0
811,97.0
812,129.0
813,143.0
814,155.0
815,-21.0
816,56.0
817,84.0
818,96.0
819,127.0
820,58.0
821,66.0
822,79.0
823,131.0
824,143.0
825,129.0
826,85.0
827,26.0
828,133.0
829,58.0
830,103.0
831,146.0
832,156.0
833,35.0
834,141.0
835,76.0
836,177.0
837,41.0
838,97.0
839,165.0
840,144.0
841,172.0
842,98.0
843,46.0
844,162.0
845,98.0
846,95.0
847,98.0
848,106.0
849,77.0
850,109.0
851,65.0
852,120.0
853,69.0
854,99.0
855,156.0
856,184.0
857,126.0
858,-8.0
859,53.0
860,125.0
861,97.0
862,114.0
863,116.0
864,154.0
865,104.0
866,146.0
867,11.0
868,122.0
869,171.0
870,79.0
871,110.0
872,192.0
873,83.0
874,99.0
875,51.0
876,125.0
877,147.0
878,110.0
879,186.0
880,103.0
881,121.0
882,92.0
883,168.0
884,169.0
885,77.0
886,142.0
887,80.0
888,139.0
889,127.0
890,84.0
891,73.0
892,101.0
893,83.0
894,167.0
895,174.0
896,77.0
897,159.0
898,142.0
899,153.0
900,125.0
901,242.0
902,87.0
903,158.0
904,160.0
905,123.0
906,151.0
907,103.0
908,177.0
909,176.0
910,103.0
911,51.0
912,165.0
913,97.0
914,91.0
915,152.0
916,167.0
917,44.0
918,130.0
919,109.0
920,43.0
921,149.0
922,139.0
923,92.0
924,125.0
925,131.0
926,38.0
927,177.0
928,101.0
929,86.0
930,127.0
931,116.0
932,98.0
933,57.0
934,71.0
935,34.0
936,91.0
937,130.0
938,38.0
939,171.0
940,103.0
941,167.0
942,58.0
943,97.0
944,136.0
945,123.0
946,64.0
947,78.0
948,162.0
949,61.0
950,133.0
951,123.0
952,163.0
953,138.0
954,42.0
955,198.0
956,93.0
957,119.0
958,145.0
959,81.0
960,145.0
961,154.0
962,67.0
963,51.0
964,70.0
965,107.0
966,158.0
967,185.0
968,153.0
969,122.0
970,125.0
971,163.0
972,89.0
973,116.0
974,154.0
975,71.0
976,83.0
977,90.0
978,143.0
979,-7.0
980,150.0
981,73.0
982,153.0
983,89.0
984,122.0
985,22.0
986,45.0
987,104.0
988,164.0
989,131.0
990,99.0
991,63.0
992,150.0
993,131.0
994,163.0
995,145.0
996,179.0
997,130.0
998,40.0
999,66.0
1000,160.0
1001,64.0
1002,145.0
1003,125.0
1004,111.0
1005,185.0
1006,145.0
1007,133.0
1008,187.0
1009,94.0
1010,166.0
1011,139.0
1012,158.0
1013,190.0
1014,109.0
1015,179.0
1016,208.0
1017,226.0
1018,139.0
1019,-7.0
1020,105.0
1021,80.0
1022,102.0
1023,102.0
1024,156.0
1025,45.0
1026,136.0
1027,76.0
1028,117.0
1029,67.0
1030,87.0
1031,59.0
1032,134.0
1033,124.0
1034,84.0
1035,132.0
1036,122.0
1037,174.0
1038,164.0
1039,207.0
1040,138.0
1041,137.0
1042,114.0
1043,72.0
1044,170.0
1045,54.0
1046,176.0
1047,66.0
1048,96.0
1049,84.0
1050,176.0
1051,182.0
1052,158.0
1053,122.0
1054,130.0
1055,248.0
1056,143.0
1057,80.0
1058,141.0
1059,105.0
1060,212.0
1061,106.0
1062,83.0
1063,177.0
1064,108.0
1065,139.0
1066,190.0
1067,108.0
1068,191.0
1069,66.0
1070,123.0
1071,141.0
1072,91.0
1073,193.0
1074,219.0
1075,171.0
1076,163.0
1077,113.0
1078,184.0
1079,50.0
1080,210.0
1081,154.0
1082,113.0
1083,116.0
1084,145.0
1085,166.0
1086,231.0
1087,165.0
1088,99.0
1089,97.0
1090,-3.0
1091,74.0
1092,56.0
1093,106.0
1094,112.0
1095,209.0
1096,101.0
1097,-10.0
1098,52.0
1099,122.0
1100,81.0
1101,116.0
1102,93.0
1103,224.0
1104,191.0
1105,154.0
1106,86.0
1107,178.0
1108,160.0
1109,170.0
1110,129.0
1111,169.0
1112,105.0
1113,139.0
1114,233.0
1115,136.0
1116,104.0
1117,95.0
1118,252.0
1119,53.0
1120,155.0
1121,179.0
1122,215.0
1123,202.0
1124,92.0
1125,179.0
1126,99.0
1127,164.0
1128,98.0
1129,132.0
1130,98.0
1131,207.0
1132,176.0
1133,144.0
1134,160.0
1135,165.0
1136,139.0
1137,55.0
1138,147.0
1139,166.0
1140,177.0
1141,180.0
1142,139.0
1143,175.0
1144,64.0
1145,285.0
1146,210.0
1147,106.0
1148,114.0
1149,91.0
1150,186.0
1151,108.0
1152,172.0
1153,194.0
1154,95.0
1155,109.0
1156,123.0
1157,122.0
1158,131.0
1159,154.0
1160,211.0
1161,234.0
1162,159.0
1163,159.0
1164,138.0
1165,174.0
1166,92.0
1167,119.0
1168,75.0
1169,93.0
1170,99.0
1171,112.0
1172,157.0
1173,139.0
1174,135.0
1175,114.0
1176,187.0
1177,150.0
1178,76.0
1179,38.0
1180,94.0
1181,124.0
1182,137.0
1183,75.0
1184,137.0
1185,89.0
1186,125.0
1187,79.0
1188,56.0
1189,126.0
1190,163.0
1191,-38.0
1192,38.0
1193,139.0
1194,232.0
1195,191.0
1196,223.0
1197,185.0
1198,70.0
1199,46.0
1200,139.0
1201,176.0
1202,129.0
1203,155.0
1204,216.0
1205,126.0
1206,159.0
1207,113.0
1208,163.0
1209,85.0
1210,61.0
1211,147.0
1212,242.0
1213,108.0
1214,75.0
1215,116.0
1216,113.0
1217,176.0
1218,74.0
1219,147.0
1220,100.0
1221,116.0
1222,79.0
1223,202.0
1224,100.0
1225,146.0
1226,157.0
1227,78.0
1228,192.0
1229,201.0
1230,135.0
1231,123.0
1232,211.0
1233,231.0
1234,67.0
1235,156.0
1236,157.0
1237,165.0
1238,74.0
1239,164.0
1240,139.0
1241,171.0
1242,189.0
1243,191.0
1244,149.0
1245,89.0
1246,193.0
1247,182.0
1248,120.0
1249,181.0
1250,122.0
1251,130.0
1252,131.0
1253,142.0
1254,155.0
1255,154.0
1256,43.0
1257,202.0
1258,82.0
1259,141.0
1260,48.0
1261,94.0
1262,107.0
1263,180.0
1264,159.0
1265,64.0
1266,207.0
1267,183.0
1268,96.0
1269,94.0
1270,152.0
1271,172.0
1272,186.0
1273,185.0
1274,105.0
1275,137.0
1276,208.0
1277,176.0
1278,232.0
1279,175.0
1280,111.0
1281,91.0
1282,54.0
1283,41.0
1284,236.0
1285,155.0
1286,105.0
1287,203.0
1288,155.0
1289,160.0
1290,155.0
1291,100.0
1292,79.0
1293,163.0
1294,151.0
1295,196.0
1296,147.0
1297,220.0
1298,112.0
1299,45.0
1300,73.0
1301,70.0
1302,122.0
1303,80.0
1304,174.0
1305,70.0
1306,37.0
1307,179.0
1308,163.0
1309,202.0
1310,109.0
1311,215.0
1312,151.0
1313,184.0
1314,207.0
1315,195.0
1316,113.0
1317,78.0
1318,160.0
1319,133.0
1320,193.0
1321,133.0
1322,209.0
1323,167.0
1324,123.0
1325,202.0
1326,228.0
1327,161.0
1328,167.0
1329,142.0
1330,114.0
1331,145.0
1332,66.0
1333,187.0
1334,217.0
1335,168.0
1336,240.0
1337,182.0
1338,138.0
1339,166.0
1340,147.0
1341,161.0
1342,127.0
1343,171.0
1344,72.0
1345,150.0
1346,202.0
1347,207.0
1348,83.0
1349,67.0
1350,254.0
1351,132.0
1352,148.0
1353,80.0
1354,211.0
1355,228.0
1356,279.0
1357,218.0
1358,241.0
1359,63.0
1360,139.0
1361,172.0
1362,197.0
1363,234.0
1364,164.0
1365,164.0
1366,131.0
1367,89.0
1368,185.0
1369,103.0
1370,159.0
1371,202.0
1372,176.0
1373,139.0
1374,145.0
1375,213.0
1376,121.0
1377,150.0
1378,210.0
1379,136.0
1380,51.0
1381,98.0
1382,173.0
1383,194.0
1384,82.0
1385,149.0
1386,132.0
1387,116.0
1388,187.0
1389,151.0
1390,206.0
1391,158.0
1392,174.0
1393,106.0
1394,135.0
1395,175.0
1396,194.0
1397,177.0
1398,210.0
1399,263.0
1400,256.0
1401,302.0
1402,202.0
1403,246.0
1404,143.0
1405,136.0
1406,239.0
1407,151.0
1408,108.0
1409,143.0
1410,226.0
1411,95.0
1412,147.0
1413,264.0
1414,204.0
1415,118.0
1416,226.0
1417,197.0
1418,131.0
1419,226.0
1420,185.0
1421,92.0
1422,129.0
1423,218.0
1424,239.0
1425,151.0
1426,206.0
1427,197.0
1428,105.0
1429,212.0
1430,160.0
1431,187.0
1432,196.0
1433,181.0
1434,145.0
1435,42.0
1436,171.0
1437,175.0
1438,147.0
1439,94.0
1440,149.0
1441,184.0
1442,157.0
1443,171.0
1444,128.0
1445,147.0
1446,250.0
1447,199.0
1448,194.0
1449,261.0
1450,125.0
1451,289.0
1452,199.0
1453,237.0
1454,165.0
1455,208.0
1456,161.0
1457,104.0
1458,122.0
1459,223.0
1460,168.0
1461,132.0
1462,136.0
1463,152.0
1464,147.0
1465,180.0
1466,151.0
1467,222.0
1468,150.0
1469,100.0
1470,138.0
1471,140.0
1472,133.0
1473,194.0
1474,230.0
1475,223.0
1476,200.0
1477,229.0
1478,175.0
1479,124.0
1480,207.0
1481,253.0
1482,103.0
1483,162.0
1484,260.0
1485,147.0
1486,163.0
1487,141.0
1488,206.0
1489,277.0
1490,176.0
1491,64.0
1492,216.0
1493,202.0
1494,241.0
1495,205.0
1496,247.0
1497,182.0
1498,147.0
1499,124.0
1500,276.0
1501,115.0
1502,173.0
1503,212.0
1504,220.0
1505,184.0
1506,151.0
1507,176.0
1508,142.0
1509,207.0
1510,198.0
1511,125.0
1512,255.0
1513,145.0
1514,22.0
1515,129.0
1516,161.0
1517,155.0
1518,267.0
1519,235.0
1520,190.0
1521,229.0
1522,132.0
1523,95.0
1524,247.0
1525,219.0
1526,178.0
1527,220.0
1528,135.0
1529,49.0
1530,163.0
1531,139.0
1532,206.0
1533,213.0
1534,73.0
1535,135.0
1536,249.0
1537,117.0
1538,211.0
1539,269.0
1540,154.0
1541,217.0
1542,230.0
1543,217.0
1544,77.0
1545,253.0
1546,160.0
1547,170.0
1548,140.0
1549,266.0
1550,223.0
1551,132.0
1552,186.0
1553,100.0
1554,212.0
1555,174.0
1556,221.0
1557,230.0
1558,223.0
1559,227.0
1560,151.0
1561,207.0
1562,169.0
1563,183.0
1564,94.0
1565,225.0
1566,192.0
1567,206.0
1568,229.0
1569,120.0
1570,247.0
1571,266.0
1572,145.0
1573,179.0
1574,227.0
1575,199.0
1576,227.0
1577,203.0
1578,139.0
1579,59.0
1580,61.0
1581,177.0
1582,166.0
1583,221.0
1584,216.0
1585,63.0
1586,187.0
1587,192.0
1588,179.0
1589,188.0
1590,193.0
1591,253.0
1592,168.0
1593,226.0
1594,183.0
1595,211.0
1596,191.0
1597,206.0
1598,233.0
1599,213.0
1600,226.0
1601,172.0
1602,167.0
1603,205.0
1604,160.0
1605,107.0
1606,110.0
1607,45.0
1608,149.0
1609,161.0
1610,162.0
1611,141.0
1612,245.0
1613,188.0
1614,189.0
1615,133.0
1616,151.0
1617,176.0
1618,198.0
1619,303.0
1620,205.0
1621,201.0
1622,155.0
1623,71.0
1624,158.0
1625,189.0
1626,166.0
1627,215.0
1628,233.0
1629,137.0
1630,166.0
1631,154.0
1632,239.0
1633,181.0
1634,233.0
1635,248.0
1636,104.0
1637,237.0
1638,237.0
1639,131.0
1640,139.0
1641,232.0
1642,273.0
1643,145.0
1644,201.0
1645,201.0
1646,157.0
1647,187.0
1648,138.0
1649,130.0
1650,121.0
1651,230.0
1652,203.0
1653,120.0
1654,282.0
1655,173.0
1656,190.0
1657,195.0
1658,124.0
1659,211.0
1660,228.0
1661,179.0
1662,214.0
1663,126.0
1664,169.0
1665,149.0
1666,220.0
1667,180.0
1668,149.0
1669,178.0
1670,301.0
1671,268.0
1672,158.0
1673,86.0
1674,221.0
1675,206.0
1676,60.0
1677,102.0
1678,187.0
1679,233.0
1680,207.0
1681,214.0
1682,207.0
1683,88.0
1684,234.0
1685,126.0
1686,163.0
1687,120.0
1688,133.0
1689,197.0
1690,305.0
1691,145.0
1692,131.0
1693,198.0
1694,128.0
1695,294.0
1696,251.0
1697,162.0
1698,166.0
1699,184.0
1700,144.0
1701,246.0
1702,197.0
1703,195.0
1704,225.0
1705,273.0
1706,241.0
1707,213.0
1708,258.0
1709,294.0
1710,194.0
1711,130.0
1712,254.0
1713,139.0
1714,183.0
1715,254.0
1716,214.0
1717,219.0
1718,199.0
1719,242.0
1720,161.0
1721,282.0
1722,216.0
1723,188.0
1724,262.0
1725,205.0
1726,174.0
1727,200.0
1728,212.0
1729,289.0
1730,281.0
1731,273.0
1732,167.0
1733,205.0
1734,174.0
1735,274.0
1736,218.0
1737,129.0
1738,185.0
1739,191.0
1740,194.0
1741,231.0
1742,125.0
1743,161.0
1744,257.0
1745,135.0
1746,200.0
1747,75.0
1748,200.0
1749,150.0
1750,52.0
1751,257.0
1752,150.0
1753,162.0
1754,169.0
1755,223.0
1756,325.0
1757,241.0
1758,225.0
1759,234.0
1760,139.0
1761,135.0
1762,210.0
1763,177.0
1764,169.0
1765,257.0
1766,170.0
1767,222.0
1768,187.0
1769,183.0
1770,169.0
1771,188.0
1772,188.0
1773,235.0
1774,278.0
1775,181.0
1776,203.0
1777,119.0
1778,208.0
1779,321.0
1780,201.0
1781,153.0
1782,208.0
1783,175.0
1784,163.0
1785,119.0
1786,239.0
1787,110.0
1788,272.0
1789,152.0
1790,186.0
1791,148.0
1792,210.0
1793,264.0
1794,209.0
1795,204.0
1796,297.0
1797,282.0
1798,227.0
1799,61.0
1800,253.0
1801,174.0
1802,197.0
1803,153.0
1804,149.0
1805,148.0
1806,184.0
1807,154.0
1808,184.0
1809,163.0
1810,207.0
1811,162.0
1812,186.0
1813,163.0
1814,288.0
1815,242.0
1816,251.0
1817,189.0
1818,123.0
1819,313.0
1820,221.0
1821,178.0
1822,227.0
1823,185.0
1824,115.0
1825,187.0
1826,290.0
1827,255.0
1828,149.0
1829,138.0
1830,113.0
1831,248.0
1832,234.0
1833,222.0
1834,138.0
1835,179.0
1836,245.0
1837,125.0
1838,212.0
1839,161.0
1840,209.0
1841,260.0
1842,247.0
1843,144.0
1844,118.0
1845,275.0
1846,261.0
1847,165.0
1848,253.0
1849,216.0
1850,153.0
1851,190.0
1852,250.0
1853,214.0
1854,162.0
1855,163.0
1856,150.0
1857,242.0
1858,117.0
1859,172.0
1860,60.0
1861,170.0
1862,217.0
1863,161.0
1864,105.0
1865,344.0
1866,238.0
1867,244.0
1868,192.0
1869,228.0
1870,236.0
1871,177.0
1872,222.0
1873,264.0
1874,136.0
1875,186.0
1876,196.0
1877,278.0
1878,182.0
1879,237.0
1880,201.0
1881,275.0
1882,183.0
1883,223.0
1884,38.0
1885,100.0
1886,214.0
1887,183.0
1888,124.0
1889,173.0
1890,282.0
1891,198.0
1892,183.0
1893,266.0
1894,119.0
1895,192.0
1896,255.0
1897,227.0
1898,135.0
1899,125.0
1900,107.0
1901,83.0
1902,218.0
1903,205.0
1904,245.0
1905,220.0
1906,267.0
1907,111.0
1908,206.0
1909,159.0
1910,151.0
1911,107.0
1912,267.0
1913,173.0
1914,208.0
1915,146.0
1916,239.0
1917,267.0
1918,183.0
1919,321.0
1920,168.0
1921,155.0
1922,243.0
1923,136.0
1924,214.0
1925,283.0
1926,177.0
1927,214.0
1928,214.0
1929,255.0
1930,188.0
1931,289.0
1932,240.0
1933,127.0
1934,164.0
1935,220.0
1936,237.0
1937,253.0
1938,189.0
1939,119.0
1940,224.0
1941,159.0
1942,255.0
1943,241.0
1944,111.0
1945,180.0
1946,326.0
1947,155.0
1948,220.0
1949,171.0
1950,223.0
1951,171.0
1952,159.0
1953,187.0
1954,271.0
1955,290.0
1956,190.0
1957,185.0
1958,197.0
1959,238.0
1960,271.0
1961,258.0
1962,221.0
1963,268.0
1964,236.0
1965,222.0
1966,313.0
1967,244.0
1968,210.0
1969,221.0
1970,180.0
1971,222.0
1972,291.0
1973,242.0
1974,252.0
1975,214.0
1976,239.0
1977,330.0
1978,114.0
1979,277.0
1980,126.0
1981,131.0
1982,213.0
1983,166.0
1984,282.0
1985,227.0
1986,167.0
1987,216.0
1988,261.0
1989,234.0
1990,229.0
1991,222.0
1992,218.0
1993,288.0
1994,270.0
1995,234.0
1996,263.0
1997,237.0
1998,207.0
1999,145.0
2000,195.0
2001,217.0
2002,279.0
2003,168.0
2004,201.0
2005,268.0
2006,197.0
2007,266.0
2008,308.0
2009,241.0
2010,53.0
2011,353.0
2012,309.0
2013,239.0
2014,311.0
2015,167.0
2016,231.0
2017,216.0
2018,197.0
2019,190.0
2020,322.0
2021,221.0
2022,196.0
2023,237.0
2024,178.0
2025,212.0
2026,233.0
2027,262.0
2028,265.0
2029,182.0
2030,174.0
2031,206.0
2032,229.0
2033,228.0
2034,238.0
2035,135.0
2036,191.0
2037,209.0
2038,143.0
2039,220.0
2040,287.0
2041,204.0
2042,163.0
2043,271.0
2044,252.0
2045,313.0
2046,294.0
2047,294.0
2048,226.0
2049,131.0
2050,155.0
2051,245.0
2052,248.0
2053,125.0
2054,204.0
2055,216.0
2056,317.0
2057,245.0
2058,271.0
2059,193.0
2060,222.0
2061,153.0
2062,227.0
2063,137.0
2064,205.0
2065,217.0
2066,215.0
2067,139.0
2068,186.0
2069,171.0
2070,277.0
2071,33.0
2072,-12.0
2073,203.0
2074,238.0
2075,207.0
2076,123.0
2077,209.0
2078,241.0
2079,299.0
2080,240.0
2081,160.0
2082,148.0
2083,173.0
2084,256.0
2085,178.0
2086,187.0
2087,204.0
2088,262.0
2089,216.0
2090,127.0
2091,167.0
2092,202.0
2093,213.0
2094,207.0
2095,181.0
2096,299.0
2097,125.0
2098,219.0
2099,292.0
2100,287.0
2101,220.0
2102,156.0
2103,338.0
2104,178.0
2105,371.0
2106,168.0
2107,151.0
2108,315.0
2109,160.0
2110,228.0
2111,252.0
2112,270.0
2113,303.0
2114,274.0
2115,289.0
2116,276.0
2117,245.0
2118,215.0
2119,146.0
2120,283.0
2121,104.0
2122,206.0
2123,244.0
2124,335.0
2125,194.0
2126,202.0
2127,134.0
2128,172.0
2129,278.0
2130,136.0
2131,209.0
2132,293.0
2133,203.0
2134,165.0
2135,184.0
2136,168.0
2137,158.0
2138,259.0
2139,180.0
2140,146.0
2141,161.0
2142,79.0
2143,314.0
2144,158.0
2145,264.0
2146,275.0
2147,235.0
2148,224.0
2149,240.0
2150,197.0
2151,280.0
2152,204.0
2153,318.0
2154,303.0
2155,265.0
2156,274.0
2157,195.0
2158,92.0
2159,185.0
2160,184.0
2161,230.0
2162,213.0
2163,253.0
2164,239.0
2165,232.0
2166,105.0
2167,218.0
2168,165.0
2169,237.0
2170,157.0
2171,237.0
2172,249.0
2173,257.0
2174,278.0
2175,297.0
2176,259.0
2177,293.0
2178,246.0
2179,287.0
2180,177.0
2181,251.0
2182,257.0
2183,251.0
2184,180.0
2185,150.0
2186,236.0
2187,289.0
2188,236.0
2189,175.0
2190,216.0
2191,255.0
2192,278.0
2193,149.0
2194,232.0
2195,250.0
2196,274.0
2197,218.0
2198,219.0
2199,274.0
2200,155.0
2201,114.0
2202,266.0
2203,293.0
2204,250.0
2205,152.0
2206,169.0
2207,277.0
2208,293.0
2209,342.0
2210,283.0
2211,216.0
2212,302.0
2213,110.0
2214,184.0
2215,267.0
2216,220.0
2217,347.0
2218,228.0
2219,250.0
2220,220.0
2221,117.0
2222,167.0
2223,227.0
2224,191.0
2225,276.0
2226,139.0
2227,266.0
2228,201.0
2229,260.0
2230,173.0
2231,211.0
2232,138.0
2233,293.0
2234,201.0
2235,274.0
2236,249.0
2237,215.0
2238,221.0
2239,272.0
2240,197.0
2241,312.0
2242,283.0
2243,262.0
2244,158.0
2245,245.0
2246,293.0
2247,271.0
2248,230.0
2249,309.0
2250,221.0
2251,184.0
2252,321.0
2253,255.0
2254,307.0
2255,226.0
2256,238.0
2257,160.0
2258,231.0
2259,158.0
2260,220.0
2261,246.0
2262,348.0
2263,340.0
2264,206.0
2265,196.0
2266,294.0
2267,234.0
2268,226.0
2269,192.0
2270,198.0
2271,198.0
2272,318.0
2273,163.0
2274,273.0
2275,183.0
2276,212.0
2277,150.0
2278,246.0
2279,203.0
2280,213.0
2281,161.0
2282,131.0
2283,160.0
2284,211.0
2285,150.0
2286,253.0
2287,152.0
2288,174.0
2289,322.0
2290,346.0
2291,235.0
2292,273.0
2293,185.0
2294,246.0
2295,213.0
2296,240.0
2297,261.0
2298,245.0
2299,272.0
2300,177.0
2301,342.0
2302,187.0
2303,276.0
2304,176.0
2305,113.0
2306,133.0
2307,197.0
2308,110.0
2309,236.0
2310,290.0
2311,315.0
2312,241.0
2313,198.0
2314,226.0
2315,230.0
2316,152.0
2317,321.0
2318,294.0
2319,139.0
2320,176.0
2321,274.0
2322,248.0
2323,256.0
2324,174.0
2325,224.0
2326,270.0
2327,104.0
2328,341.0
2329,294.0
2330,341.0
2331,197.0
2332,299.0
2333,178.0
2334,312.0
2335,264.0
2336,224.0
2337,232.0
2338,194.0
2339,188.0
2340,298.0
2341,220.0
2342,237.0
2343,263.0
2344,234.0
2345,244.0
2346,290.0
2347,201.0
2348,204.0
2349,291.0
2350,261.0
2351,248.0
2352,196.0
2353,212.0
2354,234.0
2355,271.0
2356,241.0
2357,286.0
2358,283.0
2359,188.0
2360,235.0
2361,168.0
2362,304.0
2363,236.0
2364,350.0
2365,198.0
2366,235.0
2367,315.0
2368,221.0
2369,284.0
2370,393.0
2371,215.0
2372,129.0
2373,159.0
2374,320.0
2375,270.0
2376,257.0
2377,304.0
2378,256.0
2379,190.0
2380,81.0
2381,212.0
2382,235.0
2383,287.0
2384,221.0
2385,251.0
2386,269.0
2387,228.0
2388,239.0
2389,155.0
2390,227.0
2391,312.0
2392,221.0
2393,236.0
2394,263.0
2395,281.0
2396,297.0
2397,291.0
2398,309.0
2399,329.0
2400,206.0
2401,274.0
2402,271.0
2403,260.0
2404,286.0
2405,135.0
2406,252.0
2407,232.0
2408,15.0
2409,259.0
2410,163.0
2411,275.0
2412,137.0
2413,31.0
2414,223.0
2415,149.0
2416,211.0
2417,311.0
2418,315.0
2419,218.0
2420,263.0
2421,230.0
2422,312.0
2423,252.0
2424,375.0
2425,311.0
2426,213.0
2427,136.0
2428,106.0
2429,201.0
2430,340.0
2431,274.0
2432,223.0
2433,282.0
2434,110.0
2435,157.0
2436,323.0
2437,248.0
2438,387.0
2439,146.0
2440,143.0
2441,356.0
2442,209.0
2443,203.0
2444,295.0
2445,193.0
2446,182.0
2447,262.0
2448,273.0
2449,214.0
2450,246.0
2451,250.0
2452,119.0
2453,196.0
2454,239.0
2455,200.0
2456,338.0
2457,207.0
2458,253.0
2459,214.0
2460,224.0
2461,255.0
2462,291.0
2463,160.0
2464,290.0
2465,253.0
2466,246.0
2467,301.0
2468,302.0
2469,199.0
2470,146.0
2471,284.0
2472,297.0
2473,305.0
2474,242.0
2475,241.0
2476,285.0
2477,193.0
2478,261.0
2479,223.0
2480,276.0
2481,169.0
2482,255.0
2483,260.0
2484,363.0
2485,250.0
2486,345.0
2487,348.0
2488,251.0
2489,203.0
2490,275.0
2491,235.0
2492,192.0
2493,247.0
2494,311.0
2495,302.0
2496,310.0
2497,433.0
2498,268.0
2499,120.0
2500,155.0
2501,261.0
2502,283.0
2503,295.0
2504,260.0
2505,268.0
2506,308.0
2507,245.0
2508,267.0
2509,212.0
2510,207.0
2511,251.0
2512,151.0
2513,357.0
2514,206.0
2515,171.0
2516,235.0
2517,256.0
2518,201.0
2519,199.0
2520,220.0
2521,242.0
2522,156.0
2523,297.0
2524,305.0
2525,288.0
2526,236.0
2527,251.0
2528,223.0
2529,165.0
2530,305.0
2531,238.0
2532,238.0
2533,332.0
2534,201.0
2535,153.0
2536,167.0
2537,225.0
2538,330.0
2539,230.0
2540,316.0
2541,271.0
2542,235.0
2543,270.0
2544,175.0
2545,253.0
2546,228.0
2547,163.0
2548,291.0
2549,153.0
2550,336.0
2551,289.0
2552,174.0
2553,228.0
2554,125.0
2555,296.0
2556,262.0
2557,178.0
2558,278.0
2559,100.0
2560,212.0
2561,219.0
2562,250.0
2563,335.0
2564,206.0
2565,215.0
2566,209.0
2567,343.0
2568,320.0
2569,284.0
2570,194.0
2571,160.0
2572,311.0
2573,271.0
2574,295.0
2575,323.0
2576,243.0
2577,219.0
2578,320.0
2579,339.0
2580,323.0
2581,263.0
2582,332.0
2583,269.0
2584,309.0
2585,228.0
2586,251.0
2587,274.0
2588,280.0
2589,340.0
2590,282.0
2591,211.0
2592,281.0
2593,315.0
2594,218.0
2595,65.0
2596,231.0
2597,204.0
2598,231.0
2599,326.0
2600,307.0
2601,196.0
2602,326.0
2603,267.0
2604,143.0
2605,260.0
2606,276.0
2607,253.0
2608,316.0
2609,345.0
2610,348.0
2611,200.0
2612,295.0
2613,253.0
2614,304.0
2615,298.0
2616,383.0
2617,172.0
2618,286.0
2619,326.0
2620,99.0
2621,223.0
2622,283.0
2623,282.0
2624,75.0
2625,209.0
2626,352.0
2627,241.0
2628,273.0
2629,281.0
2630,348.0
2631,217.0
2632,216.0
2633,208.0
2634,284.0
2635,154.0
2636,245.0
2637,290.0
2638,268.0
2639,217.0
2640,285.0
2641,254.0
2642,317.0
2643,317.0
2644,294.0
2645,253.0
2646,251.0
2647,260.0
2648,290.0
2649,227.0
2650,218.0
2651,200.0
2652,214.0
2653,275.0
2654,289.0
2655,308.0
2656,360.0
2657,298.0
2658,255.0
2659,219.0
2660,345.0
2661,331.0
2662,280.0
2663,323.0
2664,117.0
2665,243.0
2666,298.0
2667,306.0
2668,193.0
2669,180.0
2670,267.0
2671,161.0
2672,215.0
2673,213.0
2674,198.0
2675,245.0
2676,155.0
2677,338.0
2678,215.0
2679,156.0
2680,267.0
2681,286.0
2682,224.0
2683,255.0
2684,117.0
2685,221.0
2686,276.0
2687,207.0
2688,268.0
2689,303.0
2690,233.0
2691,316.0
2692,187.0
2693,246.0
2694,209.0
2695,268.0
2696,240.0
2697,267.0
2698,315.0
2699,366.0
2700,236.0
2701,258.0
2702,149.0
2703,383.0
2704,312.0
2705,172.0
2706,242.0
2707,339.0
2708,179.0
2709,307.0
2710,253.0
2711,108.0
2712,166.0
2713,268.0
2714,210.0
2715,327.0
2716,333.0
2717,189.0
2718,256.0
2719,207.0
2720,109.0
2721,110.0
2722,232.0
2723,322.0
2724,225.0
2725,228.0
2726,359.0
2727,315.0
2728,250.0
2729,242.0
2730,242.0
2731,408.0
2732,281.0
2733,351.0
2734,307.0
2735,236.0
2736,300.0
2737,292.0
2738,321.0
2739,240.0
2740,252.0
2741,325.0
2742,342.0
2743,243.0
2744,297.0
2745,224.0
2746,367.0
2747,244.0
2748,241.0
2749,289.0
2750,234.0
2751,303.0
2752,279.0
2753,219.0
2754,213.0
2755,183.0
2756,316.0
2757,249.0
2758,323.0
2759,282.0
2760,237.0
2761,271.0
2762,336.0
2763,212.0
2764,198.0
2765,191.0
2766,204.0
2767,142.0
2768,257.0
2769,329.0
2770,252.0
2771,290.0
2772,280.0
2773,337.0
2774,340.0
2775,229.0
2776,286.0
2777,235.0
2778,204.0
2779,244.0
2780,222.0
2781,306.0
2782,205.0
2783,303.0
2784,291.0
2785,179.0
2786,349.0
2787,323.0
2788,319.0
2789,241.0
2790,255.0
2791,237.0
2792,199.0
2793,301.0
2794,254.0
2795,146.0
2796,313.0
2797,363.0
2798,314.0
2799,85.0
2800,124.0
2801,223.0
2802,217.0
2803,160.0
2804,125.0
2805,268.0
2806,142.0
2807,235.0
2808,267.0
2809,236.0
2810,383.0
2811,219.0
2812,337.0
2813,367.0
2814,341.0
2815,307.0
2816,331.0
2817,239.0
2818,279.0
2819,296.0
2820,240.0
2821,271.0
2822,317.0
2823,140.0
2824,219.0
2825,200.0
2826,279.0
2827,347.0
2828,327.0
2829,147.0
2830,286.0
2831,318.0
2832,169.0
2833,117.0
2834,255.0
2835,287.0
2836,124.0
2837,166.0
2838,288.0
2839,250.0
2840,343.0
2841,307.0
2842,203.0
2843,286.0
2844,256.0
2845,140.0
2846,301.0
2847,217.0
2848,325.0
2849,331.0
2850,205.0
2851,224.0
2852,270.0
2853,348.0
2854,273.0
2855,233.0
2856,277.0
2857,324.0
2858,261.0
2859,327.0
2860,293.0
2861,287.0
2862,355.0
2863,362.0
2864,302.0
2865,349.0
2866,295.0
2867,258.0
2868,307.0
2869,299.0
2870,300.0
2871,190.0
2872,259.0
2873,318.0
2874,121.0
2875,289.0
2876,256.0
2877,284.0
2878,146.0
2879,144.0
2880,165.0
2881,292.0
2882,262.0
2883,257.0
2884,274.0
2885,368.0
2886,318.0
2887,404.0
2888,278.0
2889,132.0
2890,217.0
2891,330.0
2892,220.0
2893,320.0
2894,332.0
2895,387.0
2896,169.0
2897,245.0
2898,229.0
2899,241.0
2900,251.0
2901,320.0
2902,235.0
2903,291.0
2904,311.0
2905,129.0
2906,249.0
2907,287.0
2908,310.0
2909,245.0
2910,169.0
2911,309.0
2912,295.0
2913,298.0
2914,284.0
2915,245.0
2916,244.0
2917,198.0
2918,113.0
2919,237.0
2920,197.0
2921,382.0
2922,274.0
2923,248.0
2924,244.0
2925,314.0
2926,231.0
2927,199.0
2928,364.0
2929,222.0
2930,180.0
2931,226.0
2932,120.0
2933,158.0
2934,327.0
2935,276.0
2936,259.0
2937,302.0
2938,318.0
2939,304.0
2940,224.0
2941,158.0
2942,258.0
2943,299.0
2944,287.0
2945,140.0
2946,261.0
2947,203.0
2948,298.0
2949,152.0
2950,151.0
2951,154.0
2952,226.0
2953,184.0
2954,154.0
2955,196.0
2956,177.0
2957,301.0
2958,252.0
2959,271.0
2960,220.0
2961,266.0
2962,163.0
2963,337.0
2964,292.0
2965,182.0
2966,263.0
2967,121.0
2968,214.0
2969,361.0
2970,263.0
2971,206.0
2972,276.0
2973,245.0
2974,108.0
2975,154.0
2976,252.0
2977,259.0
2978,357.0
2979,193.0
2980,307.0
2981,248.0
2982,250.0
2983,301.0
2984,291.0
2985,271.0
2986,409.0
2987,175.0
2988,307.0
2989,315.0
2990,329.0
2991,294.0
2992,234.0
2993,344.0
2994,264.0
2995,203.0
2996,235.0
2997,333.0
2998,305.0
2999,232.0
3000,266.0
3001,224.0
3002,268.0
3003,234.0
3004,253.0
3005,280.0
3006,418.0
3007,227.0
3008,355.0
3009,186.0
3010,179.0
3011,279.0
3012,308.0
3013,273.0
3014,321.0
3015,220.0
3016,248.0
3017,310.0
3018,266.0
3019,389.0
3020,386.0
3021,423.0
3022,331.0
3023,305.0
3024,309.0
3025,287.0
3026,296.0
3027,199.0
3028,249.0
3029,237.0
3030,217.0
3031,165.0
3032,295.0
3033,233.0
3034,203.0
3035,236.0
3036,271.0
3037,374.0
3038,291.0
3039,356.0
3040,287.0
3041,37.0
3042,347.0
3043,268.0
3044,226.0
3045,258.0
3046,262.0
3047,224.0
3048,289.0
3049,239.0
3050,343.0
3051,225.0
3052,274.0
3053,334.0
3054,256.0
3055,289.0
3056,322.0
3057,199.0
3058,239.0
3059,273.0
3060,300.0
3061,363.0
3062,336.0
3063,213.0
3064,241.0
3065,291.0
3066,268.0
3067,292.0
3068,282.0
3069,295.0
3070,261.0
3071,283.0
3072,137.0
3073,328.0
3074,348.0
3075,281.0
3076,366.0
3077,256.0
3078,265.0
3079,204.0
3080,190.0
3081,331.0
3082,349.0
3083,313.0
3084,289.0
3085,234.0
3086,259.0
3087,305.0
3088,261.0
3089,263.0
3090,272.0
3091,278.0
3092,265.0
3093,297.0
3094,183.0
3095,318.0
3096,285.0
3097,272.0
3098,252.0
3099,184.0
3100,188.0
3101,347.0
3102,336.0
3103,324.0
3104,201.0
3105,266.0
3106,238.0
3107,270.0
3108,285.0
3109,350.0
3110,246.0
3111,284.0
3112,268.0
3113,99.0
3114,200.0
3115,206.0
3116,307.0
3117,214.0
3118,299.0
3119,264.0
3120,295.0
3121,373.0
3122,288.0
3123,222.0
3124,224.0
3125,329.0
3126,323.0
3127,317.0
3128,203.0
3129,270.0
3130,222.0
3131,253.0
3132,363.0
3133,277.0
3134,294.0
3135,305.0
3136,388.0
3137,361.0
3138,123.0
3139,269.0
3140,342.0
3141,248.0
3142,331.0
3143,374.0
3144,334.0
3145,226.0
3146,225.0
3147,90.0
3148,189.0
3149,208.0
3150,311.0
3151,265.0
3152,235.0
3153,257.0
3154,327.0
3155,267.0
3156,304.0
3157,401.0
3158,399.0
3159,175.0
3160,224.0
3161,267.0
3162,279.0
3163,282.0
3164,215.0
3165,261.0
3166,290.0
3167,187.0
3168,171.0
3169,359.0
3170,298.0
3171,318.0
3172,363.0
3173,208.0
3174,288.0
3175,301.0
3176,303.0
3177,429.0
3178,308.0
3179,392.0
3180,357.0
3181,295.0
3182,338.0
3183,244.0
3184,207.0
3185,127.0
3186,385.0
3187,331.0
3188,241.0
3189,292.0
3190,242.0
3191,292.0
3192,354.0
3193,312.0
3194,288.0
3195,220.0
3196,93.0
3197,215.0
3198,343.0
3199,337.0
3200,297.0
3201,190.0
3202,395.0
3203,369.0
3204,341.0
3205,314.0
3206,325.0
3207,327.0
3208,244.0
3209,322.0
3210,276.0
3211,192.0
3212,269.0
3213,290.0
3214,312.0
3215,355.0
3216,338.0
3217,137.0
3218,202.0
3219,304.0
3220,212.0
3221,255.0
3222,211.0
3223,187.0
3224,350.0
3225,261.0
3226,306.0
3227,353.0
3228,276.0
3229,224.0
3230,264.0
3231,292.0
3232,448.0
3233,390.0
3234,356.0
3235,259.0
3236,264.0
3237,130.0
3238,266.0
3239,326.0
3240,252.0
3241,302.0
3242,242.0
3243,274.0
3244,243.0
3245,75.0
3246,302.0
3247,287.0
3248,314.0
3249,405.0
3250,409.0
3251,341.0
3252,362.0
3253,328.0
3254,326.0
3255,177.0
3256,190.0
3257,325.0
3258,204.0
3259,416.0
3260,267.0
3261,402.0
3262,169.0
3263,251.0
3264,222.0
3265,189.0
3266,351.0
3267,192.0
3268,307.0
3269,242.0
3270,347.0
3271,88.0
3272,318.0
3273,202.0
3274,249.0
3275,102.0
3276,225.0
3277,195.0
3278,159.0
3279,287.0
3280,228.0
3281,241.0
3282,386.0
3283,277.0
3284,307.0
3285,265.0
3286,184.0
3287,251.0
3288,306.0
3289,396.0
3290,322.0
3291,336.0
3292,209.0
3293,272.0
3294,235.0
3295,346.0
3296,240.0
3297,348.0
3298,276.0
3299,265.0
3300,391.0
3301,312.0
3302,189.0
3303,382.0
3304,329.0
3305,353.0
3306,355.0
3307,262.0
3308,384.0
3309,377.0
3310,326.0
3311,175.0
3312,208.0
3313,318.0
3314,299.0
3315,335.0
3316,332.0
3317,312.0
3318,243.0
3319,266.0
3320,305.0
3321,286.0
3322,203.0
3323,203.0
3324,365.0
3325,297.0
3326,272.0
3327,268.0
3328,430.0
3329,259.0
3330,245.0
3331,289.0
3332,343.0
3333,292.0
3334,257.0
3335,229.0
3336,377.0
3337,333.0
3338,324.0
3339,122.0
3340,133.0
3341,319.0
3342,284.0
3343,117.0
3344,110.0
3345,136.0
3346,285.0
3347,220.0
3348,399.0
3349,240.0
3350,234.0
3351,166.0
3352,191.0
3353,303.0
3354,317.0
3355,296.0
3356,287.0
3357,209.0
3358,265.0
3359,229.0
3360,223.0
3361,350.0
3362,290.0
3363,235.0
3364,324.0
3365,311.0
3366,241.0
3367,298.0
3368,291.0
3369,286.0
3370,163.0
3371,192.0
3372,283.0
3373,235.0
3374,260.0
3375,310.0
3376,312.0
3377,234.0
3378,321.0
3379,277.0
3380,396.0
3381,261.0
3382,212.0
3383,372.0
3384,181.0
3385,203.0
3386,285.0
3387,307.0
3388,387.0
3389,363.0
3390,382.0
3391,295.0
3392,284.0
3393,236.0
3394,264.0
3395,389.0
3396,264.0
3397,227.0
3398,377.0
3399,271.0
3400,316.0
3401,411.0
3402,237.0
3403,311.0
3404,304.0
3405,170.0
3406,249.0
3407,291.0
3408,199.0
3409,298.0
3410,192.0
3411,186.0
3412,301.0
3413,267.0
3414,210.0
3415,199.0
3416,244.0
3417,325.0
3418,376.0
3419,317.0
3420,311.0
3421,299.0
3422,298.0
3423,328.0
3424,341.0
3425,405.0
3426,329.0
3427,273.0
3428,355.0
3429,315.0
3430,318.0
3431,367.0
3432,211.0
3433,344.0
3434,333.0
3435,289.0
3436,343.0
3437,175.0
3438,234.0
3439,227.0
3440,251.0
3441,300.0
3442,59.0
3443,268.0
3444,238.0
3445,316.0
3446,339.0
3447,237.0
3448,212.0
3449,299.0
3450,204.0
3451,295.0
3452,342.0
3453,206.0
3454,275.0
3455,371.0
3456,174.0
3457,285.0
3458,261.0
3459,265.0
3460,379.0
3461,295.0
3462,321.0
3463,317.0
3464,278.0
3465,350.0
3466,247.0
3467,197.0
3468,277.0
3469,338.0
3470,280.0
3471,440.0
3472,346.0
3473,415.0
3474,277.0
3475,240.0
3476,301.0
3477,404.0
3478,405.0
3479,297.0
3480,430.0
3481,221.0
3482,353.0
3483,156.0
3484,222.0
3485,304.0
3486,319.0
3487,291.0
3488,130.0
3489,314.0
3490,258.0
3491,226.0
3492,282.0
3493,255.0
3494,227.0
3495,237.0
3496,304.0
3497,155.0
3498,224.0
3499,357.0
3500,287.0
3501,256.0
3502,188.0
3503,425.0
3504,126.0
3505,282.0
3506,311.0
3507,291.0
3508,371.0
3509,251.0
3510,318.0
3511,344.0
3512,319.0
3513,335.0
3514,316.0
3515,329.0
3516,310.0
3517,343.0
3518,206.0
3519,360.0
3520,260.0
3521,234.0
3522,245.0
3523,242.0
3524,332.0
3525,293.0
3526,277.0
3527,308.0
3528,305.0
3529,64.0
3530,196.0
3531,218.0
3532,280.0
3533,218.0
3534,332.0
3535,229.0
3536,143.0
3537,368.0
3538,236.0
3539,187.0
3540,224.0
3541,325.0
3542,272.0
3543,240.0
3544,316.0
3545,216.0
3546,443.0
3547,362.0
3548,313.0
3549,379.0
3550,401.0
3551,308.0
3552,125.0
3553,231.0
3554,362.0
3555,252.0
3556,427.0
3557,321.0
3558,357.0
3559,321.0
3560,375.0
3561,274.0
3562,228.0
3563,300.0
3564,305.0
3565,359.0
3566,399.0
3567,90.0
3568,170.0
3569,158.0
3570,220.0
3571,212.0
3572,187.0
3573,283.0
3574,235.0
3575,376.0
3576,54.0
3577,286.0
3578,382.0
3579,276.0
3580,258.0
3581,390.0
3582,268.0
3583,284.0
3584,257.0
3585,276.0
3586,257.0
3587,312.0
3588,267.0
3589,196.0
3590,246.0
3591,400.0
3592,382.0
3593,254.0
3594,324.0
3595,293.0
3596,77.0
3597,239.0
3598,293.0
3599,242.0
3600,324.0
3601,347.0
3602,260.0
3603,254.0
3604,312.0
3605,320.0
3606,332.0
3607,133.0
3608,298.0
3609,239.0
3610,312.0
3611,69.0
3612,138.0
3613,363.0
3614,346.0
3615,274.0
3616,243.0
3617,410.0
3618,197.0
3619,331.0
3620,334.0
3621,387.0
3622,321.0
3623,191.0
3624,189.0
3625,282.0
3626,203.0
3627,339.0
3628,317.0
3629,236.0
3630,323.0
3631,337.0
3632,293.0
3633,246.0
3634,365.0
3635,260.0
3636,244.0
3637,343.0
3638,253.0
3639,316.0
3640,212.0
3641,259.0
3642,224.0
3643,246.0
3644,369.0
3645,323.0
3646,260.0
3647,315.0
3648,403.0
3649,416.0
3650,294.0
3651,252.0
3652,286.0
3653,316.0
3654,197.0
3655,335.0
3656,381.0
3657,288.0
3658,219.0
3659,160.0
3660,268.0
3661,269.0
3662,406.0
3663,254.0
3664,262.0
3665,278.0
3666,373.0
3667,245.0
3668,280.0
3669,182.0
3670,222.0
3671,302.0
3672,293.0
3673,347.0
3674,330.0
3675,177.0
3676,416.0
3677,424.0
3678,177.0
3679,215.0
3680,338.0
3681,324.0
3682,335.0
3683,272.0
3684,233.0
3685,194.0
3686,281.0
3687,288.0
3688,205.0
3689,313.0
3690,386.0
3691,260.0
3692,261.0
3693,312.0
3694,265.0
3695,311.0
3696,229.0
3697,232.0
3698,249.0
3699,333.0
3700,363.0
3701,405.0
3702,388.0
3703,328.0
3704,264.0
3705,155.0
3706,371.0
3707,165.0
3708,163.0
3709,291.0
3710,450.0
3711,251.0
3712,295.0
3713,413.0
3714,461.0
3715,181.0
3716,260.0
3717,378.0
3718,357.0
3719,307.0
3720,331.0
3721,308.0
3722,237.0
3723,247.0
3724,258.0
3725,297.0
3726,340.0
3727,326.0
3728,329.0
3729,134.0
3730,196.0
3731,146.0
3732,176.0
3733,386.0
3734,385.0
3735,242.0
3736,270.0
3737,242.0
3738,226.0
3739,236.0
3740,324.0
3741,355.0
3742,297.0
3743,287.0
3744,325.0
3745,178.0
3746,218.0
3747,328.0
3748,390.0
3749,285.0
3750,236.0
3751,241.0
3752,174.0
3753,329.0
3754,335.0
3755,314.0
3756,254.0
3757,237.0
3758,211.0
3759,305.0
3760,360.0
3761,311.0
3762,350.0
3763,287.0
3764,255.0
3765,256.0
3766,288.0
3767,232.0
3768,208.0
3769,334.0
3770,367.0
3771,182.0
3772,231.0
3773,279.0
3774,225.0
3775,231.0
3776,256.0
3777,280.0
3778,233.0
3779,195.0
3780,326.0
3781,319.0
3782,204.0
3783,318.0
3784,137.0
3785,301.0
3786,179.0
3787,347.0
3788,309.0
3789,229.0
3790,206.0
3791,234.0
3792,294.0
3793,339.0
3794,150.0
3795,223.0
3796,190.0
3797,228.0
3798,241.0
3799,436.0
3800,382.0
3801,214.0
3802,427.0
3803,153.0
3804,241.0
3805,171.0
3806,201.0
3807,205.0
3808,359.0
3809,136.0
3810,241.0
3811,436.0
3812,414.0
3813,410.0
3814,392.0
3815,257.0
3816,338.0
3817,273.0
3818,349.0
3819,226.0
3820,141.0
3821,311.0
3822,380.0
3823,258.0
3824,147.0
3825,344.0
3826,209.0
3827,260.0
3828,331.0
3829,301.0
3830,354.0
3831,212.0
3832,246.0
3833,350.0
3834,172.0
3835,307.0
3836,282.0
3837,297.0
3838,322.0
3839,314.0
3840,315.0
3841,369.0
3842,349.0
3843,171.0
3844,253.0
3845,326.0
3846,321.0
3847,145.0
3848,192.0
3849,376.0
3850,327.0
3851,276.0
3852,238.0
3853,324.0
3854,313.0
3855,389.0
3856,190.0
3857,303.0
3858,211.0
3859,224.0
3860,372.0
3861,359.0
3862,277.0
3863,270.0
3864,203.0
3865,291.0
3866,355.0
3867,386.0
3868,308.0
3869,207.0
3870,221.0
3871,273.0
3872,260.0
3873,444.0
3874,384.0
3875,211.0
3876,299.0
3877,162.0
3878,346.0
3879,409.0
3880,328.0
3881,392.0
3882,313.0
3883,328.0
3884,260.0
3885,380.0
3886,351.0
3887,207.0
3888,207.0
3889,317.0
3890,403.0
3891,296.0
3892,183.0
3893,298.0
3894,274.0
3895,386.0
3896,294.0
3897,295.0
3898,242.0
3899,217.0
3900,388.0
3901,219.0
3902,76.0
3903,282.0
3904,294.0
3905,261.0
3906,324.0
3907,365.0
3908,275.0
3909,257.0
3910,283.0
3911,366.0
3912,181.0
3913,252.0
3914,270.0
3915,381.0
3916,433.0
3917,424.0
3918,398.0
3919,258.0
3920,196.0
3921,275.0
3922,390.0
3923,451.0
3924,243.0
3925,385.0
3926,384.0
3927,298.0
3928,278.0
3929,380.0
3930,316.0
3931,265.0
3932,280.0
3933,359.0
3934,482.0
3935,365.0
3936,171.0
3937,407.0
3938,267.0
3939,379.0
3940,282.0
3941,341.0
3942,321.0
3943,359.0
3944,408.0
3945,360.0
3946,299.0
3947,372.0
3948,311.0
3949,300.0
3950,365.0
3951,324.0
3952,136.0
3953,252.0
3954,386.0
3955,378.0
3956,296.0
3957,345.0
3958,302.0
3959,396.0
3960,358.0
3961,355.0
3962,405.0
3963,391.0
3964,414.0
3965,361.0
3966,362.0
3967,289.0
3968,241.0
3969,364.0
3970,371.0
3971,412.0
3972,76.0
3973,355.0
3974,348.0
3975,168.0
3976,362.0
3977,126.0
3978,283.0
3979,341.0
3980,334.0
3981,321.0
3982,158.0
3983,280.0
3984,73.0
3985,255.0
3986,402.0
3987,340.0
3988,245.0
3989,267.0
3990,165.0
3991,306.0
3992,136.0
3993,326.0
3994,318.0
3995,252.0
3996,329.0
3997,279.0
3998,283.0
3999,336.0
4000,320.0
4001,314.0
4002,331.0
4003,182.0
4004,395.0
4005,202.0
4006,227.0
4007,256.0
4008,256.0
4009,294.0
4010,264.0
4011,248.0
4012,375.0
4013,505.0
4014,358.0
4015,364.0
4016,340.0
4017,248.0
4018,235.0
4019,196.0
4020,319.0
4021,338.0
4022,324.0
4023,155.0
4024,302.0
4025,359.0
4026,355.0
4027,293.0
4028,303.0
4029,295.0
4030,190.0
4031,242.0
4032,340.0
4033,400.0
4034,244.0
4035,340.0
4036,374.0
4037,272.0
4038,366.0
4039,336.0
4040,298.0
4041,483.0
4042,422.0
4043,251.0
4044,282.0
4045,255.0
4046,298.0
4047,325.0
4048,298.0
4049,261.0
4050,52.0
4051,279.0
4052,388.0
4053,403.0
4054,415.0
4055,209.0
4056,87.0
4057,270.0
4058,333.0
4059,346.0
4060,368.0
4061,339.0
4062,278.0
4063,429.0
4064,310.0
4065,255.0
4066,189.0
4067,282.0
4068,191.0
4069,356.0
4070,270.0
4071,264.0
4072,321.0
4073,283.0
4074,214.0
4075,321.0
4076,335.0
4077,246.0
4078,220.0
4079,372.0
4080,263.0
4081,327.0
4082,365.0
4083,381.0
4084,302.0
4085,328.0
4086,69.0
4087,166.0
4088,296.0
4089,322.0
4090,292.0
4091,275.0
4092,436.0
4093,267.0
4094,447.0
4095,265.0
4096,369.0
4097,379.0
4098,364.0
4099,195.0
4100,284.0
4101,384.0
4102,246.0
4103,246.0
4104,360.0
4105,219.0
4106,176.0
4107,274.0
4108,297.0
4109,71.0
4110,297.0
4111,322.0
4112,379.0
4113,223.0
4114,287.0
4115,127.0
4116,276.0
4117,212.0
4118,197.0
4119,184.0
4120,438.0
4121,261.0
4122,382.0
4123,180.0
4124,329.0
4125,317.0
4126,126.0
4127,246.0
4128,265.0
4129,191.0
4130,201.0
4131,191.0
4132,154.0
4133,99.0
4134,348.0
4135,300.0
4136,254.0
4137,408.0
4138,237.0
4139,381.0
4140,402.0
4141,378.0
4142,413.0
4143,267.0
4144,255.0
4145,218.0
4146,362.0
4147,327.0
4148,379.0
4149,227.0
4150,144.0
4151,155.0
4152,187.0
4153,468.0
4154,307.0
4155,230.0
4156,428.0
4157,136.0
4158,192.0
4159,352.0
4160,236.0
4161,337.0
4162,345.0
4163,257.0
4164,318.0
4165,267.0
4166,375.0
4167,274.0
4168,368.0
4169,162.0
4170,100.0
4171,220.0
4172,292.0
4173,436.0
4174,300.0
4175,309.0
4176,323.0
4177,327.0
4178,381.0
4179,118.0
4180,266.0
4181,399.0
4182,336.0
4183,301.0
4184,209.0
4185,371.0
4186,320.0
4187,336.0
4188,261.0
4189,282.0
4190,314.0
4191,57.0
4192,249.0
4193,328.0
4194,282.0
4195,282.0
4196,452.0
4197,269.0
4198,365.0
4199,452.0
4200,231.0
4201,287.0
4202,359.0
4203,273.0
4204,412.0
4205,357.0
4206,379.0
4207,354.0
4208,368.0
4209,362.0
4210,309.0
4211,360.0
4212,301.0
4213,389.0
4214,284.0
4215,175.0
4216,342.0
4217,203.0
4218,266.0
4219,371.0
4220,361.0
4221,226.0
4222,362.0
4223,463.0
4224,393.0
4225,288.0
4226,355.0
4227,455.0
4228,263.0
4229,179.0
4230,353.0
4231,293.0
4232,339.0
4233,252.0
4234,243.0
4235,239.0
4236,325.0
4237,499.0
4238,265.0
4239,271.0
4240,345.0
4241,380.0
4242,313.0
4243,381.0
4244,186.0
4245,364.0
4246,306.0
4247,320.0
4248,161.0
4249,386.0
4250,272.0
4251,153.0
4252,413.0
4253,285.0
4254,373.0
4255,341.0
4256,386.0
4257,376.0
4258,266.0
4259,315.0
4260,333.0
4261,311.0
4262,313.0
4263,313.0
4264,225.0
4265,290.0
4266,162.0
4267,398.0
4268,472.0
4269,353.0
4270,228.0
4271,251.0
4272,233.0
4273,245.0
4274,118.0
4275,365.0
4276,352.0
4277,256.0
4278,349.0
4279,312.0
4280,257.0
4281,241.0
4282,274.0
4283,356.0
4284,396.0
4285,328.0
4286,286.0
4287,84.0
4288,235.0
4289,298.0
4290,56.0
4291,244.0
4292,333.0
4293,361.0
4294,355.0
4295,128.0
4296,158.0
4297,432.0
4298,339.0
4299,283.0
4300,219.0
4301,330.0
4302,229.0
4303,206.0
4304,177.0
4305,323.0
4306,218.0
4307,162.0
4308,402.0
4309,386.0
4310,200.0
4311,162.0
4312,346.0
4313,173.0
4314,196.0
4315,150.0
4316,180.0
4317,335.0
4318,276.0
4319,331.0
4320,288.0
4321,281.0
4322,197.0
4323,250.0
4324,145.0
4325,307.0
4326,351.0
4327,273.0
4328,321.0
4329,200.0
4330,213.0
4331,127.0
4332,154.0
4333,217.0
4334,301.0
4335,330.0
4336,303.0
4337,431.0
4338,205.0
4339,239.0
4340,196.0
4341,112.0
4342,217.0
4343,331.0
4344,293.0
4345,304.0
4346,171.0
4347,326.0
4348,223.0
4349,309.0
4350,375.0
4351,448.0
4352,97.0
4353,159.0
4354,333.0
4355,302.0
4356,439.0
4357,355.0
4358,258.0
4359,273.0
4360,428.0
4361,286.0
4362,378.0
4363,308.0
4364,256.0
4365,196.0
4366,472.0
4367,304.0
4368,280.0
4369,329.0
4370,203.0
4371,151.0
4372,330.0
4373,244.0
4374,314.0
4375,184.0
4376,174.0
4377,148.0
4378,231.0
4379,278.0
4380,476.0
4381,319.0
4382,401.0
4383,321.0
4384,269.0
4385,154.0
4386,231.0
4387,285.0
4388,362.0
4389,308.0
4390,173.0
4391,343.0
4392,322.0
4393,196.0
4394,406.0
4395,251.0
4396,248.0
4397,339.0
4398,243.0
4399,421.0
4400,405.0
4401,357.0
4402,267.0
4403,238.0
4404,192.0
4405,327.0
4406,201.0
4407,354.0
4408,318.0
4409,235.0
4410,232.0
4411,242.0
4412,290.0
4413,154.0
4414,376.0
4415,248.0
4416,215.0
4417,301.0
4418,271.0
4419,372.0
4420,244.0
4421,201.0
4422,260.0
4423,199.0
4424,151.0
4425,262.0
4426,315.0
4427,381.0
4428,365.0
4429,238.0
4430,304.0
4431,213.0
4432,279.0
4433,279.0
4434,396.0
4435,432.0
4436,278.0
4437,260.0
4438,393.0
4439,223.0
4440,301.0
4441,219.0
4442,265.0
4443,378.0
4444,256.0
4445,172.0
4446,318.0
4447,271.0
4448,202.0
4449,188.0
4450,205.0
4451,211.0
4452,366.0
4453,353.0
4454,306.0
4455,410.0
4456,395.0
4457,185.0
4458,240.0
4459,303.0
4460,232.0
4461,457.0
4462,283.0
4463,187.0
4464,420.0
4465,326.0
4466,288.0
4467,300.0
4468,305.0
4469,71.0
4470,246.0
4471,343.0
4472,350.0
4473,308.0
4474,47.0
4475,307.0
4476,267.0
4477,288.0
4478,346.0
4479,346.0
4480,100.0
4481,282.0
4482,409.0
4483,363.0
4484,225.0
4485,142.0
4486,234.0
4487,203.0
4488,358.0
4489,304.0
4490,345.0
4491,342.0
4492,246.0
4493,263.0
4494,288.0
4495,364.0
4496,394.0
4497,411.0
4498,310.0
4499,302.0
4500,145.0
4501,127.0
4502,229.0
4503,216.0
4504,354.0
4505,224.0
4506,365.0
4507,385.0
4508,341.0
4509,281.0
4510,225.0
4511,314.0
4512,73.0
4513,292.0
4514,260.0
4515,297.0
4516,274.0
4517,310.0
4518,264.0
4519,332.0
4520,160.0
4521,289.0
4522,335.0
4523,346.0
4524,340.0
4525,241.0
4526,224.0
4527,315.0
4528,264.0
4529,213.0
4530,133.0
4531,203.0
4532,354.0
4533,390.0
4534,329.0
4535,275.0
4536,197.0
4537,338.0
4538,442.0
4539,392.0
4540,441.0
4541,365.0
4542,94.0
4543,335.0
4544,322.0
4545,372.0
4546,149.0
4547,409.0
4548,324.0
4549,214.0
4550,273.0
4551,381.0
4552,252.0
4553,265.0
4554,319.0
4555,178.0
4556,250.0
4557,456.0
4558,485.0
4559,334.0
4560,282.0
4561,315.0
4562,240.0
4563,362.0
4564,420.0
4565,363.0
4566,306.0
4567,312.0
4568,96.0
4569,370.0
4570,195.0
4571,257.0
4572,316.0
4573,373.0
4574,255.0
4575,288.0
4576,386.0
4577,439.0
4578,432.0
4579,389.0
4580,308.0
4581,402.0
4582,373.0
4583,295.0
4584,333.0
4585,296.0
4586,270.0
4587,314.0
4588,278.0
4589,260.0
4590,231.0
4591,175.0
4592,315.0
4593,232.0
4594,168.0
4595,429.0
4596,231.0
4597,316.0
4598,377.0
4599,380.0
4600,288.0
4601,293.0
4602,297.0
4603,355.0
4604,397.0
4605,385.0
4606,320.0
4607,329.0
4608,419.0
4609,336.0
4610,287.0
4611,168.0
4612,298.0
4613,402.0
4614,201.0
4615,419.0
4616,324.0
4617,319.0
4618,85.0
4619,236.0
4620,252.0
4621,316.0
4622,292.0
4623,107.0
4624,315.0
4625,239.0
4626,282.0
4627,273.0
4628,153.0
4629,289.0
4630,284.0
4631,348.0
4632,132.0
4633,238.0
4634,230.0
4635,253.0
4636,176.0
4637,252.0
4638,292.0
4639,324.0
4640,367.0
4641,426.0
4642,308.0
4643,141.0
4644,244.0
4645,254.0
4646,131.0
4647,268.0
4648,370.0
4649,404.0
4650,320.0
4651,336.0
4652,130.0
4653,418.0
4654,374.0
4655,308.0
4656,207.0
4657,284.0
4658,223.0
4659,474.0
4660,157.0
4661,230.0
4662,226.0
4663,388.0
4664,432.0
4665,445.0
4666,412.0
4667,427.0
4668,411.0
4669,494.0
4670,361.0
4671,260.0
4672,313.0
4673,356.0
4674,261.0
4675,229.0
4676,170.0
4677,175.0
4678,158.0
4679,416.0
4680,98.0
4681,254.0
4682,186.0
4683,339.0
4684,378.0
4685,279.0
4686,277.0
4687,204.0
4688,176.0
4689,370.0
4690,433.0
4691,211.0
4692,327.0
4693,289.0
4694,382.0
4695,300.0
4696,257.0
4697,80.0
4698,276.0
4699,328.0
4700,199.0
4701,250.0
4702,164.0
4703,235.0
4704,206.0
4705,118.0
4706,204.0
4707,309.0
4708,277.0
4709,300.0
4710,495.0
4711,274.0
4712,306.0
4713,303.0
4714,181.0
4715,343.0
4716,392.0
4717,190.0
4718,158.0
4719,320.0
4720,381.0
4721,250.0
4722,267.0
4723,187.0
4724,214.0
4725,398.0
4726,276.0
4727,327.0
4728,393.0
4729,324.0
4730,330.0
4731,201.0
4732,299.0
4733,355.0
4734,320.0
4735,279.0
4736,98.0
4737,258.0
4738,113.0
4739,149.0
4740,149.0
4741,267.0
4742,337.0
4743,382.0
4744,235.0
4745,299.0
4746,262.0
4747,270.0
4748,255.0
4749,284.0
4750,250.0
4751,265.0
4752,289.0
4753,253.0
4754,330.0
4755,281.0
4756,486.0
4757,239.0
4758,124.0
4759,253.0
4760,366.0
4761,180.0
4762,125.0
4763,345.0
4764,278.0
4765,319.0
4766,324.0
4767,259.0
4768,399.0
4769,369.0
4770,356.0
4771,318.0
4772,354.0
4773,221.0
4774,333.0
4775,241.0
4776,381.0
4777,386.0
4778,368.0
4779,375.0
4780,347.0
4781,364.0
4782,416.0
4783,265.0
4784,355.0
4785,317.0
4786,216.0
4787,329.0
4788,203.0
4789,301.0
4790,169.0
4791,245.0
4792,360.0
4793,247.0
4794,241.0
4795,307.0
4796,284.0
4797,211.0
4798,228.0
4799,328.0
4800,509.0
4801,366.0
4802,420.0
4803,315.0
4804,308.0
4805,293.0
4806,336.0
4807,170.0
4808,242.0
4809,159.0
4810,198.0
4811,270.0
4812,313.0
4813,324.0
4814,487.0
4815,425.0
4816,343.0
4817,224.0
4818,330.0
4819,272.0
4820,425.0
4821,199.0
4822,281.0
4823,245.0
4824,379.0
4825,250.0
4826,150.0
4827,213.0
4828,233.0
4829,203.0
4830,91.0
4831,245.0
4832,229.0
4833,209.0
4834,101.0
4835,214.0
4836,240.0
4837,257.0
4838,311.0
4839,200.0
4840,282.0
4841,246.0
4842,246.0
4843,300.0
4844,295.0
4845,161.0
4846,359.0
4847,262.0
4848,206.0
4849,287.0
4850,301.0
4851,430.0
4852,245.0
4853,272.0
4854,156.0
4855,307.0
4856,71.0
4857,199.0
4858,125.0
4859,276.0
4860,272.0
4861,128.0
4862,280.0
4863,194.0
4864,131.0
4865,199.0
4866,208.0
4867,219.0
4868,117.0
4869,225.0
4870,250.0
4871,211.0
4872,263.0
4873,233.0
4874,126.0
4875,156.0
4876,141.0
4877,188.0
4878,279.0
4879,260.0
4880,348.0
4881,466.0
4882,217.0
4883,118.0
4884,288.0
4885,329.0
4886,290.0
4887,184.0
4888,172.0
4889,369.0
4890,365.0
4891,339.0
4892,416.0
4893,233.0
4894,313.0
4895,276.0
4896,329.0
4897,298.0
4898,333.0
4899,384.0
4900,210.0
4901,294.0
4902,319.0
4903,106.0
4904,252.0
4905,193.0
4906,135.0
4907,419.0
4908,355.0
4909,250.0
4910,268.0
4911,122.0
4912,257.0
4913,412.0
4914,396.0
4915,221.0
4916,186.0
4917,327.0
4918,441.0
4919,303.0
4920,347.0
4921,325.0
4922,367.0
4923,297.0
4924,258.0
4925,261.0
4926,399.0
4927,270.0
4928,260.0
4929,214.0
4930,297.0
4931,385.0
4932,195.0
4933,406.0
4934,382.0
4935,221.0
4936,270.0
4937,363.0
4938,424.0
4939,372.0
4940,333.0
4941,266.0
4942,382.0
4943,436.0
4944,260.0
4945,262.0
4946,321.0
4947,348.0
4948,147.0
4949,218.0
4950,97.0
4951,393.0
4952,431.0
4953,287.0
4954,261.0
4955,372.0
4956,285.0
4957,183.0
4958,293.0
4959,352.0
4960,371.0
4961,229.0
4962,422.0
4963,274.0
4964,212.0
4965,363.0
4966,213.0
4967,282.0
4968,192.0
4969,349.0
4970,222.0
4971,170.0
4972,225.0
4973,142.0
4974,263.0
4975,256.0
4976,242.0
4977,358.0
4978,302.0
4979,257.0
4980,306.0
4981,339.0
4982,318.0
4983,336.0
4984,278.0
4985,313.0
4986,240.0
4987,391.0
4988,427.0
4989,361.0
4990,462.0
4991,279.0
4992,336.0
4993,251.0
4994,246.0
4995,288.0
4996,236.0
4997,390.0
4998,179.0
4999,287.0
